1,24,null,Subject1_rgbd_images,arranging_objects,510175411
25,92,reaching,Subject1_rgbd_images,arranging_objects,510175411
93,228,moving,Subject1_rgbd_images,arranging_objects,510175411
229,279,placing,Subject1_rgbd_images,arranging_objects,510175411
1,40,moving,Subject1_rgbd_images,arranging_objects,510175431
41,79,null,Subject1_rgbd_images,arranging_objects,510175431
80,99,reaching,Subject1_rgbd_images,arranging_objects,510175431
100,188,moving,Subject1_rgbd_images,arranging_objects,510175431
189,227,placing,Subject1_rgbd_images,arranging_objects,510175431
1,29,null,Subject1_rgbd_images,arranging_objects,510175554
30,53,reaching,Subject1_rgbd_images,arranging_objects,510175554
54,138,moving,Subject1_rgbd_images,arranging_objects,510175554
139,166,placing,Subject1_rgbd_images,arranging_objects,510175554
1,40,null,Subject1_rgbd_images,cleaning_objects,510181236
41,85,reaching,Subject1_rgbd_images,cleaning_objects,510181236
86,205,opening,Subject1_rgbd_images,cleaning_objects,510181236
206,232,reaching,Subject1_rgbd_images,cleaning_objects,510181236
233,278,moving,Subject1_rgbd_images,cleaning_objects,510181236
279,425,cleaning,Subject1_rgbd_images,cleaning_objects,510181236
426,439,moving,Subject1_rgbd_images,cleaning_objects,510181236
440,457,placing,Subject1_rgbd_images,cleaning_objects,510181236
458,477,reaching,Subject1_rgbd_images,cleaning_objects,510181236
478,531,closing,Subject1_rgbd_images,cleaning_objects,510181236
1,30,null,Subject1_rgbd_images,cleaning_objects,510181310
31,107,moving,Subject1_rgbd_images,cleaning_objects,510181310
108,142,reaching,Subject1_rgbd_images,cleaning_objects,510181310
143,223,opening,Subject1_rgbd_images,cleaning_objects,510181310
224,240,reaching,Subject1_rgbd_images,cleaning_objects,510181310
241,290,moving,Subject1_rgbd_images,cleaning_objects,510181310
291,437,cleaning,Subject1_rgbd_images,cleaning_objects,510181310
438,461,moving,Subject1_rgbd_images,cleaning_objects,510181310
462,478,placing,Subject1_rgbd_images,cleaning_objects,510181310
479,504,reaching,Subject1_rgbd_images,cleaning_objects,510181310
505,582,closing,Subject1_rgbd_images,cleaning_objects,510181310
1,32,null,Subject1_rgbd_images,cleaning_objects,510181415
33,78,reaching,Subject1_rgbd_images,cleaning_objects,510181415
79,165,opening,Subject1_rgbd_images,cleaning_objects,510181415
166,178,reaching,Subject1_rgbd_images,cleaning_objects,510181415
179,217,moving,Subject1_rgbd_images,cleaning_objects,510181415
218,416,cleaning,Subject1_rgbd_images,cleaning_objects,510181415
417,433,moving,Subject1_rgbd_images,cleaning_objects,510181415
434,448,placing,Subject1_rgbd_images,cleaning_objects,510181415
449,463,reaching,Subject1_rgbd_images,cleaning_objects,510181415
464,530,closing,Subject1_rgbd_images,cleaning_objects,510181415
1,83,moving,Subject1_rgbd_images,having_meal,510182019
84,100,eating,Subject1_rgbd_images,having_meal,510182019
101,134,moving,Subject1_rgbd_images,having_meal,510182019
135,155,reaching,Subject1_rgbd_images,having_meal,510182019
156,194,moving,Subject1_rgbd_images,having_meal,510182019
195,240,drinking,Subject1_rgbd_images,having_meal,510182019
241,276,moving,Subject1_rgbd_images,having_meal,510182019
277,332,placing,Subject1_rgbd_images,having_meal,510182019
333,345,reaching,Subject1_rgbd_images,having_meal,510182019
346,370,moving,Subject1_rgbd_images,having_meal,510182019
371,384,eating,Subject1_rgbd_images,having_meal,510182019
385,444,moving,Subject1_rgbd_images,having_meal,510182019
1,14,null,Subject1_rgbd_images,having_meal,510182057
15,73,reaching,Subject1_rgbd_images,having_meal,510182057
74,116,moving,Subject1_rgbd_images,having_meal,510182057
117,172,drinking,Subject1_rgbd_images,having_meal,510182057
173,203,moving,Subject1_rgbd_images,having_meal,510182057
204,233,placing,Subject1_rgbd_images,having_meal,510182057
234,261,reaching,Subject1_rgbd_images,having_meal,510182057
262,298,moving,Subject1_rgbd_images,having_meal,510182057
299,379,eating,Subject1_rgbd_images,having_meal,510182057
380,422,moving,Subject1_rgbd_images,having_meal,510182057
423,458,placing,Subject1_rgbd_images,having_meal,510182057
459,467,null,Subject1_rgbd_images,having_meal,510182057
468,484,reaching,Subject1_rgbd_images,having_meal,510182057
485,529,moving,Subject1_rgbd_images,having_meal,510182057
530,554,drinking,Subject1_rgbd_images,having_meal,510182057
555,590,moving,Subject1_rgbd_images,having_meal,510182057
591,631,placing,Subject1_rgbd_images,having_meal,510182057
1,27,null,Subject1_rgbd_images,having_meal,510182137
28,60,reaching,Subject1_rgbd_images,having_meal,510182137
61,106,moving,Subject1_rgbd_images,having_meal,510182137
107,154,drinking,Subject1_rgbd_images,having_meal,510182137
155,184,moving,Subject1_rgbd_images,having_meal,510182137
185,212,placing,Subject1_rgbd_images,having_meal,510182137
213,222,null,Subject1_rgbd_images,having_meal,510182137
223,241,reaching,Subject1_rgbd_images,having_meal,510182137
242,285,moving,Subject1_rgbd_images,having_meal,510182137
286,374,eating,Subject1_rgbd_images,having_meal,510182137
375,414,moving,Subject1_rgbd_images,having_meal,510182137
415,437,reaching,Subject1_rgbd_images,having_meal,510182137
438,474,moving,Subject1_rgbd_images,having_meal,510182137
475,490,drinking,Subject1_rgbd_images,having_meal,510182137
491,507,moving,Subject1_rgbd_images,having_meal,510182137
508,533,placing,Subject1_rgbd_images,having_meal,510182137
20,85,moving,Subject1_rgbd_images,making_cereal,1204142055
86,108,placing,Subject1_rgbd_images,making_cereal,1204142055
109,148,reaching,Subject1_rgbd_images,making_cereal,1204142055
149,215,moving,Subject1_rgbd_images,making_cereal,1204142055
216,282,pouring,Subject1_rgbd_images,making_cereal,1204142055
283,318,moving,Subject1_rgbd_images,making_cereal,1204142055
319,350,placing,Subject1_rgbd_images,making_cereal,1204142055
351,368,reaching,Subject1_rgbd_images,making_cereal,1204142055
369,395,reaching,Subject1_rgbd_images,making_cereal,1204142055
396,453,moving,Subject1_rgbd_images,making_cereal,1204142055
454,490,pouring,Subject1_rgbd_images,making_cereal,1204142055
491,509,moving,Subject1_rgbd_images,making_cereal,1204142055
40,97,moving,Subject1_rgbd_images,making_cereal,1204142227
98,132,placing,Subject1_rgbd_images,making_cereal,1204142227
133,175,reaching,Subject1_rgbd_images,making_cereal,1204142227
176,206,moving,Subject1_rgbd_images,making_cereal,1204142227
207,300,pouring,Subject1_rgbd_images,making_cereal,1204142227
301,324,moving,Subject1_rgbd_images,making_cereal,1204142227
325,340,placing,Subject1_rgbd_images,making_cereal,1204142227
341,373,reaching,Subject1_rgbd_images,making_cereal,1204142227
374,482,moving,Subject1_rgbd_images,making_cereal,1204142227
483,578,pouring,Subject1_rgbd_images,making_cereal,1204142227
579,679,moving,Subject1_rgbd_images,making_cereal,1204142227
680,725,placing,Subject1_rgbd_images,making_cereal,1204142227
20,64,moving,Subject1_rgbd_images,making_cereal,1204142500
65,93,placing,Subject1_rgbd_images,making_cereal,1204142500
94,124,reaching,Subject1_rgbd_images,making_cereal,1204142500
125,133,moving,Subject1_rgbd_images,making_cereal,1204142500
134,180,pouring,Subject1_rgbd_images,making_cereal,1204142500
181,204,moving,Subject1_rgbd_images,making_cereal,1204142500
205,255,placing,Subject1_rgbd_images,making_cereal,1204142500
256,283,reaching,Subject1_rgbd_images,making_cereal,1204142500
284,362,moving,Subject1_rgbd_images,making_cereal,1204142500
363,426,pouring,Subject1_rgbd_images,making_cereal,1204142500
427,455,moving,Subject1_rgbd_images,making_cereal,1204142500
456,500,placing,Subject1_rgbd_images,making_cereal,1204142500
20,65,moving,Subject1_rgbd_images,making_cereal,1204142616
66,89,placing,Subject1_rgbd_images,making_cereal,1204142616
90,123,reaching,Subject1_rgbd_images,making_cereal,1204142616
124,160,moving,Subject1_rgbd_images,making_cereal,1204142616
161,235,pouring,Subject1_rgbd_images,making_cereal,1204142616
236,265,moving,Subject1_rgbd_images,making_cereal,1204142616
266,295,placing,Subject1_rgbd_images,making_cereal,1204142616
307,315,reaching,Subject1_rgbd_images,making_cereal,1204142616
316,396,moving,Subject1_rgbd_images,making_cereal,1204142616
397,470,pouring,Subject1_rgbd_images,making_cereal,1204142616
471,529,moving,Subject1_rgbd_images,making_cereal,1204142616
530,560,placing,Subject1_rgbd_images,making_cereal,1204142616
1,49,null,Subject1_rgbd_images,microwaving_food,1204150645
50,90,reaching,Subject1_rgbd_images,microwaving_food,1204150645
91,239,opening,Subject1_rgbd_images,microwaving_food,1204150645
240,290,reaching,Subject1_rgbd_images,microwaving_food,1204150645
291,420,moving,Subject1_rgbd_images,microwaving_food,1204150645
421,490,placing,Subject1_rgbd_images,microwaving_food,1204150645
491,535,reaching,Subject1_rgbd_images,microwaving_food,1204150645
536,619,closing,Subject1_rgbd_images,microwaving_food,1204150645
620,644,null,Subject1_rgbd_images,microwaving_food,1204150645
1,55,null,Subject1_rgbd_images,microwaving_food,1204150828
56,110,reaching,Subject1_rgbd_images,microwaving_food,1204150828
111,265,opening,Subject1_rgbd_images,microwaving_food,1204150828
266,300,reaching,Subject1_rgbd_images,microwaving_food,1204150828
301,440,moving,Subject1_rgbd_images,microwaving_food,1204150828
441,504,placing,Subject1_rgbd_images,microwaving_food,1204150828
505,523,reaching,Subject1_rgbd_images,microwaving_food,1204150828
524,617,closing,Subject1_rgbd_images,microwaving_food,1204150828
618,674,null,Subject1_rgbd_images,microwaving_food,1204150828
1,49,null,Subject1_rgbd_images,microwaving_food,1204151136
50,79,reaching,Subject1_rgbd_images,microwaving_food,1204151136
80,219,opening,Subject1_rgbd_images,microwaving_food,1204151136
220,248,reaching,Subject1_rgbd_images,microwaving_food,1204151136
249,370,moving,Subject1_rgbd_images,microwaving_food,1204151136
371,422,placing,Subject1_rgbd_images,microwaving_food,1204151136
423,438,null,Subject1_rgbd_images,microwaving_food,1204151136
439,530,closing,Subject1_rgbd_images,microwaving_food,1204151136
531,568,null,Subject1_rgbd_images,microwaving_food,1204151136
1,18,null,Subject1_rgbd_images,picking_objects,510175829
19,63,reaching,Subject1_rgbd_images,picking_objects,510175829
64,133,moving,Subject1_rgbd_images,picking_objects,510175829
134,159,null,Subject1_rgbd_images,picking_objects,510175829
1,18,null,Subject1_rgbd_images,picking_objects,510175855
19,65,reaching,Subject1_rgbd_images,picking_objects,510175855
66,165,moving,Subject1_rgbd_images,picking_objects,510175855
1,31,null,Subject1_rgbd_images,picking_objects,510175921
32,77,reaching,Subject1_rgbd_images,picking_objects,510175921
78,149,moving,Subject1_rgbd_images,picking_objects,510175921
150,174,null,Subject1_rgbd_images,picking_objects,510175921
1,61,null,Subject1_rgbd_images,stacking_objects,1204144410
62,100,reaching,Subject1_rgbd_images,stacking_objects,1204144410
101,144,moving,Subject1_rgbd_images,stacking_objects,1204144410
145,198,placing,Subject1_rgbd_images,stacking_objects,1204144410
199,236,reaching,Subject1_rgbd_images,stacking_objects,1204144410
237,312,moving,Subject1_rgbd_images,stacking_objects,1204144410
313,360,placing,Subject1_rgbd_images,stacking_objects,1204144410
361,400,reaching,Subject1_rgbd_images,stacking_objects,1204144410
401,462,moving,Subject1_rgbd_images,stacking_objects,1204144410
463,506,placing,Subject1_rgbd_images,stacking_objects,1204144410
507,548,null,Subject1_rgbd_images,stacking_objects,1204144410
1,66,null,Subject1_rgbd_images,stacking_objects,1204144736
67,100,reaching,Subject1_rgbd_images,stacking_objects,1204144736
101,135,moving,Subject1_rgbd_images,stacking_objects,1204144736
136,187,placing,Subject1_rgbd_images,stacking_objects,1204144736
188,214,null,Subject1_rgbd_images,stacking_objects,1204144736
215,243,reaching,Subject1_rgbd_images,stacking_objects,1204144736
244,288,moving,Subject1_rgbd_images,stacking_objects,1204144736
289,337,placing,Subject1_rgbd_images,stacking_objects,1204144736
338,375,null,Subject1_rgbd_images,stacking_objects,1204144736
1,60,null,Subject1_rgbd_images,stacking_objects,1204145234
61,94,reaching,Subject1_rgbd_images,stacking_objects,1204145234
95,136,moving,Subject1_rgbd_images,stacking_objects,1204145234
137,191,placing,Subject1_rgbd_images,stacking_objects,1204145234
192,227,reaching,Subject1_rgbd_images,stacking_objects,1204145234
228,275,moving,Subject1_rgbd_images,stacking_objects,1204145234
276,342,placing,Subject1_rgbd_images,stacking_objects,1204145234
343,379,reaching,Subject1_rgbd_images,stacking_objects,1204145234
380,431,moving,Subject1_rgbd_images,stacking_objects,1204145234
432,480,placing,Subject1_rgbd_images,stacking_objects,1204145234
481,514,reaching,Subject1_rgbd_images,stacking_objects,1204145234
515,530,moving,Subject1_rgbd_images,stacking_objects,1204145234
531,576,placing,Subject1_rgbd_images,stacking_objects,1204145234
577,600,null,Subject1_rgbd_images,stacking_objects,1204145234
1,37,null,Subject1_rgbd_images,taking_food,510180218
38,86,reaching,Subject1_rgbd_images,taking_food,510180218
87,158,opening,Subject1_rgbd_images,taking_food,510180218
159,197,reaching,Subject1_rgbd_images,taking_food,510180218
198,238,moving,Subject1_rgbd_images,taking_food,510180218
239,271,placing,Subject1_rgbd_images,taking_food,510180218
272,279,reaching,Subject1_rgbd_images,taking_food,510180218
280,333,closing,Subject1_rgbd_images,taking_food,510180218
1,29,null,Subject1_rgbd_images,taking_food,510180342
30,98,reaching,Subject1_rgbd_images,taking_food,510180342
99,179,opening,Subject1_rgbd_images,taking_food,510180342
180,237,reaching,Subject1_rgbd_images,taking_food,510180342
238,309,moving,Subject1_rgbd_images,taking_food,510180342
310,340,placing,Subject1_rgbd_images,taking_food,510180342
341,366,reaching,Subject1_rgbd_images,taking_food,510180342
367,441,closing,Subject1_rgbd_images,taking_food,510180342
1,30,null,Subject1_rgbd_images,taking_food,510180532
31,80,reaching,Subject1_rgbd_images,taking_food,510180532
81,176,opening,Subject1_rgbd_images,taking_food,510180532
177,212,reaching,Subject1_rgbd_images,taking_food,510180532
213,274,moving,Subject1_rgbd_images,taking_food,510180532
275,305,placing,Subject1_rgbd_images,taking_food,510180532
306,315,reaching,Subject1_rgbd_images,taking_food,510180532
316,376,closing,Subject1_rgbd_images,taking_food,510180532
60,100,reaching,Subject1_rgbd_images,taking_medicine,1204142858
101,225,opening,Subject1_rgbd_images,taking_medicine,1204142858
226,239,reaching,Subject1_rgbd_images,taking_medicine,1204142858
240,306,moving,Subject1_rgbd_images,taking_medicine,1204142858
307,314,eating,Subject1_rgbd_images,taking_medicine,1204142858
315,318,reaching,Subject1_rgbd_images,taking_medicine,1204142858
319,347,moving,Subject1_rgbd_images,taking_medicine,1204142858
348,395,drinking,Subject1_rgbd_images,taking_medicine,1204142858
396,410,moving,Subject1_rgbd_images,taking_medicine,1204142858
411,450,placing,Subject1_rgbd_images,taking_medicine,1204142858
50,85,reaching,Subject1_rgbd_images,taking_medicine,1204143959
86,160,opening,Subject1_rgbd_images,taking_medicine,1204143959
161,175,reaching,Subject1_rgbd_images,taking_medicine,1204143959
176,209,moving,Subject1_rgbd_images,taking_medicine,1204143959
210,232,eating,Subject1_rgbd_images,taking_medicine,1204143959
233,282,reaching,Subject1_rgbd_images,taking_medicine,1204143959
283,314,moving,Subject1_rgbd_images,taking_medicine,1204143959
315,380,drinking,Subject1_rgbd_images,taking_medicine,1204143959
381,400,moving,Subject1_rgbd_images,taking_medicine,1204143959
401,462,placing,Subject1_rgbd_images,taking_medicine,1204143959
40,80,reaching,Subject1_rgbd_images,taking_medicine,1204144120
81,142,opening,Subject1_rgbd_images,taking_medicine,1204144120
143,160,reaching,Subject1_rgbd_images,taking_medicine,1204144120
161,205,moving,Subject1_rgbd_images,taking_medicine,1204144120
206,245,eating,Subject1_rgbd_images,taking_medicine,1204144120
246,292,reaching,Subject1_rgbd_images,taking_medicine,1204144120
293,295,moving,Subject1_rgbd_images,taking_medicine,1204144120
296,350,drinking,Subject1_rgbd_images,taking_medicine,1204144120
351,378,moving,Subject1_rgbd_images,taking_medicine,1204144120
379,411,placing,Subject1_rgbd_images,taking_medicine,1204144120
1,49,null,Subject1_rgbd_images,unstacking_objects,1204145527
50,74,reaching,Subject1_rgbd_images,unstacking_objects,1204145527
75,115,moving,Subject1_rgbd_images,unstacking_objects,1204145527
116,148,placing,Subject1_rgbd_images,unstacking_objects,1204145527
149,169,reaching,Subject1_rgbd_images,unstacking_objects,1204145527
170,206,moving,Subject1_rgbd_images,unstacking_objects,1204145527
207,256,placing,Subject1_rgbd_images,unstacking_objects,1204145527
257,283,reaching,Subject1_rgbd_images,unstacking_objects,1204145527
284,298,moving,Subject1_rgbd_images,unstacking_objects,1204145527
299,348,placing,Subject1_rgbd_images,unstacking_objects,1204145527
349,394,moving,Subject1_rgbd_images,unstacking_objects,1204145527
395,436,placing,Subject1_rgbd_images,unstacking_objects,1204145527
437,488,null,Subject1_rgbd_images,unstacking_objects,1204145527
1,52,null,Subject1_rgbd_images,unstacking_objects,1204145630
53,83,reaching,Subject1_rgbd_images,unstacking_objects,1204145630
84,173,moving,Subject1_rgbd_images,unstacking_objects,1204145630
174,220,placing,Subject1_rgbd_images,unstacking_objects,1204145630
221,288,reaching,Subject1_rgbd_images,unstacking_objects,1204145630
289,336,moving,Subject1_rgbd_images,unstacking_objects,1204145630
337,380,placing,Subject1_rgbd_images,unstacking_objects,1204145630
381,427,null,Subject1_rgbd_images,unstacking_objects,1204145630
1,45,null,Subject1_rgbd_images,unstacking_objects,1204145902
46,97,reaching,Subject1_rgbd_images,unstacking_objects,1204145902
98,149,moving,Subject1_rgbd_images,unstacking_objects,1204145902
150,202,placing,Subject1_rgbd_images,unstacking_objects,1204145902
203,246,reaching,Subject1_rgbd_images,unstacking_objects,1204145902
247,298,moving,Subject1_rgbd_images,unstacking_objects,1204145902
299,338,placing,Subject1_rgbd_images,unstacking_objects,1204145902
339,370,reaching,Subject1_rgbd_images,unstacking_objects,1204145902
371,441,moving,Subject1_rgbd_images,unstacking_objects,1204145902
442,480,placing,Subject1_rgbd_images,unstacking_objects,1204145902
481,517,null,Subject1_rgbd_images,unstacking_objects,1204145902
1,24,null,Subject3_rgbd_images,arranging_objects,510143426
25,65,reaching,Subject3_rgbd_images,arranging_objects,510143426
66,199,moving,Subject3_rgbd_images,arranging_objects,510143426
200,242,placing,Subject3_rgbd_images,arranging_objects,510143426
1,29,null,Subject3_rgbd_images,arranging_objects,510143446
30,72,reaching,Subject3_rgbd_images,arranging_objects,510143446
73,196,moving,Subject3_rgbd_images,arranging_objects,510143446
197,244,placing,Subject3_rgbd_images,arranging_objects,510143446
1,30,null,Subject3_rgbd_images,arranging_objects,510143618
31,88,reaching,Subject3_rgbd_images,arranging_objects,510143618
89,229,moving,Subject3_rgbd_images,arranging_objects,510143618
230,294,placing,Subject3_rgbd_images,arranging_objects,510143618
1,47,null,Subject3_rgbd_images,cleaning_objects,510144324
48,80,reaching,Subject3_rgbd_images,cleaning_objects,510144324
81,95,moving,Subject3_rgbd_images,cleaning_objects,510144324
96,138,reaching,Subject3_rgbd_images,cleaning_objects,510144324
139,197,opening,Subject3_rgbd_images,cleaning_objects,510144324
198,228,reaching,Subject3_rgbd_images,cleaning_objects,510144324
229,271,moving,Subject3_rgbd_images,cleaning_objects,510144324
272,382,cleaning,Subject3_rgbd_images,cleaning_objects,510144324
383,416,moving,Subject3_rgbd_images,cleaning_objects,510144324
417,441,placing,Subject3_rgbd_images,cleaning_objects,510144324
442,459,reaching,Subject3_rgbd_images,cleaning_objects,510144324
460,541,closing,Subject3_rgbd_images,cleaning_objects,510144324
1,22,null,Subject3_rgbd_images,cleaning_objects,510144350
23,56,reaching,Subject3_rgbd_images,cleaning_objects,510144350
57,138,opening,Subject3_rgbd_images,cleaning_objects,510144350
139,155,reaching,Subject3_rgbd_images,cleaning_objects,510144350
156,193,moving,Subject3_rgbd_images,cleaning_objects,510144350
194,259,cleaning,Subject3_rgbd_images,cleaning_objects,510144350
260,310,moving,Subject3_rgbd_images,cleaning_objects,510144350
311,329,placing,Subject3_rgbd_images,cleaning_objects,510144350
330,342,reaching,Subject3_rgbd_images,cleaning_objects,510144350
343,422,closing,Subject3_rgbd_images,cleaning_objects,510144350
1,10,null,Subject3_rgbd_images,cleaning_objects,510144450
11,54,reaching,Subject3_rgbd_images,cleaning_objects,510144450
55,123,opening,Subject3_rgbd_images,cleaning_objects,510144450
124,150,reaching,Subject3_rgbd_images,cleaning_objects,510144450
151,215,moving,Subject3_rgbd_images,cleaning_objects,510144450
216,287,cleaning,Subject3_rgbd_images,cleaning_objects,510144450
288,343,moving,Subject3_rgbd_images,cleaning_objects,510144450
344,370,placing,Subject3_rgbd_images,cleaning_objects,510144450
371,391,reaching,Subject3_rgbd_images,cleaning_objects,510144450
392,458,closing,Subject3_rgbd_images,cleaning_objects,510144450
1,32,null,Subject3_rgbd_images,having_meal,510142336
33,86,moving,Subject3_rgbd_images,having_meal,510142336
87,131,eating,Subject3_rgbd_images,having_meal,510142336
132,181,moving,Subject3_rgbd_images,having_meal,510142336
182,225,null,Subject3_rgbd_images,having_meal,510142336
226,270,moving,Subject3_rgbd_images,having_meal,510142336
279,316,drinking,Subject3_rgbd_images,having_meal,510142336
317,355,moving,Subject3_rgbd_images,having_meal,510142336
356,372,null,Subject3_rgbd_images,having_meal,510142336
373,410,moving,Subject3_rgbd_images,having_meal,510142336
411,442,eating,Subject3_rgbd_images,having_meal,510142336
443,482,moving,Subject3_rgbd_images,having_meal,510142336
483,540,null,Subject3_rgbd_images,having_meal,510142336
541,579,moving,Subject3_rgbd_images,having_meal,510142336
580,632,drinking,Subject3_rgbd_images,having_meal,510142336
633,673,moving,Subject3_rgbd_images,having_meal,510142336
674,738,null,Subject3_rgbd_images,having_meal,510142336
739,783,moving,Subject3_rgbd_images,having_meal,510142336
784,867,eating,Subject3_rgbd_images,having_meal,510142336
868,912,moving,Subject3_rgbd_images,having_meal,510142336
913,936,null,Subject3_rgbd_images,having_meal,510142336
1,24,null,Subject3_rgbd_images,having_meal,510142419
25,91,moving,Subject3_rgbd_images,having_meal,510142419
92,144,eating,Subject3_rgbd_images,having_meal,510142419
145,191,moving,Subject3_rgbd_images,having_meal,510142419
192,244,null,Subject3_rgbd_images,having_meal,510142419
245,283,moving,Subject3_rgbd_images,having_meal,510142419
284,337,eating,Subject3_rgbd_images,having_meal,510142419
338,379,moving,Subject3_rgbd_images,having_meal,510142419
380,418,null,Subject3_rgbd_images,having_meal,510142419
419,459,moving,Subject3_rgbd_images,having_meal,510142419
460,526,drinking,Subject3_rgbd_images,having_meal,510142419
527,552,moving,Subject3_rgbd_images,having_meal,510142419
553,600,null,Subject3_rgbd_images,having_meal,510142419
601,653,moving,Subject3_rgbd_images,having_meal,510142419
654,699,eating,Subject3_rgbd_images,having_meal,510142419
700,738,moving,Subject3_rgbd_images,having_meal,510142419
739,772,null,Subject3_rgbd_images,having_meal,510142419
773,824,moving,Subject3_rgbd_images,having_meal,510142419
825,870,eating,Subject3_rgbd_images,having_meal,510142419
871,902,moving,Subject3_rgbd_images,having_meal,510142419
903,952,null,Subject3_rgbd_images,having_meal,510142419
953,986,moving,Subject3_rgbd_images,having_meal,510142419
987,1018,eating,Subject3_rgbd_images,having_meal,510142419
1019,1056,moving,Subject3_rgbd_images,having_meal,510142419
1057,1096,null,Subject3_rgbd_images,having_meal,510142419
1,30,null,Subject3_rgbd_images,having_meal,510142800
31,60,moving,Subject3_rgbd_images,having_meal,510142800
61,118,eating,Subject3_rgbd_images,having_meal,510142800
119,208,moving,Subject3_rgbd_images,having_meal,510142800
209,270,null,Subject3_rgbd_images,having_meal,510142800
271,300,moving,Subject3_rgbd_images,having_meal,510142800
301,371,eating,Subject3_rgbd_images,having_meal,510142800
372,431,moving,Subject3_rgbd_images,having_meal,510142800
432,487,null,Subject3_rgbd_images,having_meal,510142800
488,541,moving,Subject3_rgbd_images,having_meal,510142800
542,610,drinking,Subject3_rgbd_images,having_meal,510142800
611,657,moving,Subject3_rgbd_images,having_meal,510142800
658,715,null,Subject3_rgbd_images,having_meal,510142800
716,750,moving,Subject3_rgbd_images,having_meal,510142800
751,812,eating,Subject3_rgbd_images,having_meal,510142800
813,868,moving,Subject3_rgbd_images,having_meal,510142800
869,1019,null,Subject3_rgbd_images,having_meal,510142800
45,70,moving,Subject3_rgbd_images,making_cereal,1204173536
71,105,placing,Subject3_rgbd_images,making_cereal,1204173536
106,133,reaching,Subject3_rgbd_images,making_cereal,1204173536
134,170,moving,Subject3_rgbd_images,making_cereal,1204173536
171,235,pouring,Subject3_rgbd_images,making_cereal,1204173536
236,264,moving,Subject3_rgbd_images,making_cereal,1204173536
265,297,placing,Subject3_rgbd_images,making_cereal,1204173536
298,317,reaching,Subject3_rgbd_images,making_cereal,1204173536
318,412,moving,Subject3_rgbd_images,making_cereal,1204173536
413,540,pouring,Subject3_rgbd_images,making_cereal,1204173536
541,594,moving,Subject3_rgbd_images,making_cereal,1204173536
595,660,placing,Subject3_rgbd_images,making_cereal,1204173536
40,67,moving,Subject3_rgbd_images,making_cereal,1204173846
68,120,placing,Subject3_rgbd_images,making_cereal,1204173846
121,150,reaching,Subject3_rgbd_images,making_cereal,1204173846
151,225,moving,Subject3_rgbd_images,making_cereal,1204173846
226,280,pouring,Subject3_rgbd_images,making_cereal,1204173846
281,366,moving,Subject3_rgbd_images,making_cereal,1204173846
367,398,placing,Subject3_rgbd_images,making_cereal,1204173846
399,426,reaching,Subject3_rgbd_images,making_cereal,1204173846
427,552,moving,Subject3_rgbd_images,making_cereal,1204173846
553,625,pouring,Subject3_rgbd_images,making_cereal,1204173846
626,717,moving,Subject3_rgbd_images,making_cereal,1204173846
718,754,placing,Subject3_rgbd_images,making_cereal,1204173846
40,71,moving,Subject3_rgbd_images,making_cereal,1204174024
72,114,placing,Subject3_rgbd_images,making_cereal,1204174024
115,148,reaching,Subject3_rgbd_images,making_cereal,1204174024
149,303,moving,Subject3_rgbd_images,making_cereal,1204174024
304,393,pouring,Subject3_rgbd_images,making_cereal,1204174024
394,452,moving,Subject3_rgbd_images,making_cereal,1204174024
453,504,placing,Subject3_rgbd_images,making_cereal,1204174024
505,537,reaching,Subject3_rgbd_images,making_cereal,1204174024
538,669,moving,Subject3_rgbd_images,making_cereal,1204174024
670,816,pouring,Subject3_rgbd_images,making_cereal,1204174024
817,952,moving,Subject3_rgbd_images,making_cereal,1204174024
953,976,placing,Subject3_rgbd_images,making_cereal,1204174024
40,70,moving,Subject3_rgbd_images,making_cereal,1204174314
71,120,placing,Subject3_rgbd_images,making_cereal,1204174314
121,154,reaching,Subject3_rgbd_images,making_cereal,1204174314
155,259,moving,Subject3_rgbd_images,making_cereal,1204174314
260,332,pouring,Subject3_rgbd_images,making_cereal,1204174314
333,377,moving,Subject3_rgbd_images,making_cereal,1204174314
378,417,placing,Subject3_rgbd_images,making_cereal,1204174314
418,445,reaching,Subject3_rgbd_images,making_cereal,1204174314
446,563,moving,Subject3_rgbd_images,making_cereal,1204174314
564,661,pouring,Subject3_rgbd_images,making_cereal,1204174314
662,783,moving,Subject3_rgbd_images,making_cereal,1204174314
784,810,placing,Subject3_rgbd_images,making_cereal,1204174314
1,70,null,Subject3_rgbd_images,microwaving_food,1204180344
71,115,reaching,Subject3_rgbd_images,microwaving_food,1204180344
116,163,opening,Subject3_rgbd_images,microwaving_food,1204180344
164,212,reaching,Subject3_rgbd_images,microwaving_food,1204180344
213,296,moving,Subject3_rgbd_images,microwaving_food,1204180344
297,364,placing,Subject3_rgbd_images,microwaving_food,1204180344
365,400,reaching,Subject3_rgbd_images,microwaving_food,1204180344
401,500,closing,Subject3_rgbd_images,microwaving_food,1204180344
501,526,null,Subject3_rgbd_images,microwaving_food,1204180344
1,50,null,Subject3_rgbd_images,microwaving_food,1204180515
51,88,reaching,Subject3_rgbd_images,microwaving_food,1204180515
89,194,opening,Subject3_rgbd_images,microwaving_food,1204180515
195,224,reaching,Subject3_rgbd_images,microwaving_food,1204180515
225,306,moving,Subject3_rgbd_images,microwaving_food,1204180515
307,354,placing,Subject3_rgbd_images,microwaving_food,1204180515
355,383,reaching,Subject3_rgbd_images,microwaving_food,1204180515
384,470,closing,Subject3_rgbd_images,microwaving_food,1204180515
471,511,null,Subject3_rgbd_images,microwaving_food,1204180515
1,35,null,Subject3_rgbd_images,microwaving_food,1204180612
36,85,reaching,Subject3_rgbd_images,microwaving_food,1204180612
86,175,opening,Subject3_rgbd_images,microwaving_food,1204180612
176,215,reaching,Subject3_rgbd_images,microwaving_food,1204180612
216,297,moving,Subject3_rgbd_images,microwaving_food,1204180612
298,358,placing,Subject3_rgbd_images,microwaving_food,1204180612
359,386,reaching,Subject3_rgbd_images,microwaving_food,1204180612
387,478,closing,Subject3_rgbd_images,microwaving_food,1204180612
479,514,null,Subject3_rgbd_images,microwaving_food,1204180612
1,36,null,Subject3_rgbd_images,picking_objects,510141923
37,96,reaching,Subject3_rgbd_images,picking_objects,510141923
97,187,moving,Subject3_rgbd_images,picking_objects,510141923
188,233,null,Subject3_rgbd_images,picking_objects,510141923
1,37,null,Subject3_rgbd_images,picking_objects,510141947
38,115,reaching,Subject3_rgbd_images,picking_objects,510141947
116,221,moving,Subject3_rgbd_images,picking_objects,510141947
222,267,null,Subject3_rgbd_images,picking_objects,510141947
1,31,null,Subject3_rgbd_images,picking_objects,510142045
32,111,reaching,Subject3_rgbd_images,picking_objects,510142045
112,188,moving,Subject3_rgbd_images,picking_objects,510142045
189,228,null,Subject3_rgbd_images,picking_objects,510142045
1,53,null,Subject3_rgbd_images,stacking_objects,1204175103
54,86,reaching,Subject3_rgbd_images,stacking_objects,1204175103
87,158,moving,Subject3_rgbd_images,stacking_objects,1204175103
159,215,placing,Subject3_rgbd_images,stacking_objects,1204175103
216,248,reaching,Subject3_rgbd_images,stacking_objects,1204175103
249,303,moving,Subject3_rgbd_images,stacking_objects,1204175103
304,358,placing,Subject3_rgbd_images,stacking_objects,1204175103
359,392,reaching,Subject3_rgbd_images,stacking_objects,1204175103
393,445,moving,Subject3_rgbd_images,stacking_objects,1204175103
446,512,placing,Subject3_rgbd_images,stacking_objects,1204175103
513,534,reaching,Subject3_rgbd_images,stacking_objects,1204175103
535,583,moving,Subject3_rgbd_images,stacking_objects,1204175103
584,648,placing,Subject3_rgbd_images,stacking_objects,1204175103
649,695,null,Subject3_rgbd_images,stacking_objects,1204175103
1,46,null,Subject3_rgbd_images,stacking_objects,1204175316
47,75,reaching,Subject3_rgbd_images,stacking_objects,1204175316
76,126,moving,Subject3_rgbd_images,stacking_objects,1204175316
127,158,placing,Subject3_rgbd_images,stacking_objects,1204175316
159,169,moving,Subject3_rgbd_images,stacking_objects,1204175316
170,227,placing,Subject3_rgbd_images,stacking_objects,1204175316
228,264,reaching,Subject3_rgbd_images,stacking_objects,1204175316
265,325,moving,Subject3_rgbd_images,stacking_objects,1204175316
326,386,placing,Subject3_rgbd_images,stacking_objects,1204175316
387,417,null,Subject3_rgbd_images,stacking_objects,1204175316
1,49,null,Subject3_rgbd_images,stacking_objects,1204175451
50,77,reaching,Subject3_rgbd_images,stacking_objects,1204175451
78,142,moving,Subject3_rgbd_images,stacking_objects,1204175451
143,238,placing,Subject3_rgbd_images,stacking_objects,1204175451
239,265,reaching,Subject3_rgbd_images,stacking_objects,1204175451
266,308,moving,Subject3_rgbd_images,stacking_objects,1204175451
309,374,placing,Subject3_rgbd_images,stacking_objects,1204175451
375,409,null,Subject3_rgbd_images,stacking_objects,1204175451
1,51,null,Subject3_rgbd_images,taking_food,510144057
52,96,reaching,Subject3_rgbd_images,taking_food,510144057
97,166,opening,Subject3_rgbd_images,taking_food,510144057
167,214,reaching,Subject3_rgbd_images,taking_food,510144057
215,296,moving,Subject3_rgbd_images,taking_food,510144057
297,324,placing,Subject3_rgbd_images,taking_food,510144057
325,346,reaching,Subject3_rgbd_images,taking_food,510144057
347,420,closing,Subject3_rgbd_images,taking_food,510144057
1,38,null,Subject3_rgbd_images,taking_food,510144139
39,81,reaching,Subject3_rgbd_images,taking_food,510144139
82,154,opening,Subject3_rgbd_images,taking_food,510144139
155,195,reaching,Subject3_rgbd_images,taking_food,510144139
196,265,moving,Subject3_rgbd_images,taking_food,510144139
266,288,placing,Subject3_rgbd_images,taking_food,510144139
289,306,reaching,Subject3_rgbd_images,taking_food,510144139
307,394,closing,Subject3_rgbd_images,taking_food,510144139
1,31,null,Subject3_rgbd_images,taking_food,510144215
32,68,reaching,Subject3_rgbd_images,taking_food,510144215
69,121,opening,Subject3_rgbd_images,taking_food,510144215
122,162,reaching,Subject3_rgbd_images,taking_food,510144215
163,228,moving,Subject3_rgbd_images,taking_food,510144215
229,250,placing,Subject3_rgbd_images,taking_food,510144215
251,275,reaching,Subject3_rgbd_images,taking_food,510144215
276,347,closing,Subject3_rgbd_images,taking_food,510144215
40,69,reaching,Subject3_rgbd_images,taking_medicine,1204174554
70,146,opening,Subject3_rgbd_images,taking_medicine,1204174554
247,357,opening,Subject3_rgbd_images,taking_medicine,1204174554
358,370,reaching,Subject3_rgbd_images,taking_medicine,1204174554
371,443,moving,Subject3_rgbd_images,taking_medicine,1204174554
444,457,eating,Subject3_rgbd_images,taking_medicine,1204174554
458,504,reaching,Subject3_rgbd_images,taking_medicine,1204174554
505,535,reaching,Subject3_rgbd_images,taking_medicine,1204174554
536,605,moving,Subject3_rgbd_images,taking_medicine,1204174554
606,648,drinking,Subject3_rgbd_images,taking_medicine,1204174554
649,690,moving,Subject3_rgbd_images,taking_medicine,1204174554
691,715,placing,Subject3_rgbd_images,taking_medicine,1204174554
30,60,reaching,Subject3_rgbd_images,taking_medicine,1204174740
61,137,opening,Subject3_rgbd_images,taking_medicine,1204174740
138,151,reaching,Subject3_rgbd_images,taking_medicine,1204174740
152,205,moving,Subject3_rgbd_images,taking_medicine,1204174740
206,228,eating,Subject3_rgbd_images,taking_medicine,1204174740
229,270,reaching,Subject3_rgbd_images,taking_medicine,1204174740
271,294,reaching,Subject3_rgbd_images,taking_medicine,1204174740
295,362,moving,Subject3_rgbd_images,taking_medicine,1204174740
363,421,drinking,Subject3_rgbd_images,taking_medicine,1204174740
422,472,moving,Subject3_rgbd_images,taking_medicine,1204174740
473,522,placing,Subject3_rgbd_images,taking_medicine,1204174740
50,90,reaching,Subject3_rgbd_images,taking_medicine,1204174844
91,170,opening,Subject3_rgbd_images,taking_medicine,1204174844
171,183,reaching,Subject3_rgbd_images,taking_medicine,1204174844
184,235,moving,Subject3_rgbd_images,taking_medicine,1204174844
236,260,eating,Subject3_rgbd_images,taking_medicine,1204174844
261,318,reaching,Subject3_rgbd_images,taking_medicine,1204174844
319,379,moving,Subject3_rgbd_images,taking_medicine,1204174844
380,449,drinking,Subject3_rgbd_images,taking_medicine,1204174844
450,500,moving,Subject3_rgbd_images,taking_medicine,1204174844
501,549,placing,Subject3_rgbd_images,taking_medicine,1204174844
1,35,null,Subject3_rgbd_images,unstacking_objects,1204175622
36,69,reaching,Subject3_rgbd_images,unstacking_objects,1204175622
70,124,moving,Subject3_rgbd_images,unstacking_objects,1204175622
125,155,placing,Subject3_rgbd_images,unstacking_objects,1204175622
156,189,reaching,Subject3_rgbd_images,unstacking_objects,1204175622
190,270,moving,Subject3_rgbd_images,unstacking_objects,1204175622
271,317,placing,Subject3_rgbd_images,unstacking_objects,1204175622
318,358,moving,Subject3_rgbd_images,unstacking_objects,1204175622
359,373,null,Subject3_rgbd_images,unstacking_objects,1204175622
1,37,null,Subject3_rgbd_images,unstacking_objects,1204175712
38,62,reaching,Subject3_rgbd_images,unstacking_objects,1204175712
63,140,moving,Subject3_rgbd_images,unstacking_objects,1204175712
141,190,placing,Subject3_rgbd_images,unstacking_objects,1204175712
191,230,reaching,Subject3_rgbd_images,unstacking_objects,1204175712
231,280,moving,Subject3_rgbd_images,unstacking_objects,1204175712
281,316,placing,Subject3_rgbd_images,unstacking_objects,1204175712
317,340,reaching,Subject3_rgbd_images,unstacking_objects,1204175712
341,407,moving,Subject3_rgbd_images,unstacking_objects,1204175712
408,441,placing,Subject3_rgbd_images,unstacking_objects,1204175712
442,462,reaching,Subject3_rgbd_images,unstacking_objects,1204175712
463,514,moving,Subject3_rgbd_images,unstacking_objects,1204175712
515,563,placing,Subject3_rgbd_images,unstacking_objects,1204175712
567,584,moving,Subject3_rgbd_images,unstacking_objects,1204175712
585,616,null,Subject3_rgbd_images,unstacking_objects,1204175712
1,34,null,Subject3_rgbd_images,unstacking_objects,1204175902
35,81,reaching,Subject3_rgbd_images,unstacking_objects,1204175902
82,136,moving,Subject3_rgbd_images,unstacking_objects,1204175902
137,167,placing,Subject3_rgbd_images,unstacking_objects,1204175902
168,195,reaching,Subject3_rgbd_images,unstacking_objects,1204175902
196,238,moving,Subject3_rgbd_images,unstacking_objects,1204175902
239,273,placing,Subject3_rgbd_images,unstacking_objects,1204175902
274,305,reaching,Subject3_rgbd_images,unstacking_objects,1204175902
306,344,moving,Subject3_rgbd_images,unstacking_objects,1204175902
345,382,placing,Subject3_rgbd_images,unstacking_objects,1204175902
383,400,reaching,Subject3_rgbd_images,unstacking_objects,1204175902
401,423,moving,Subject3_rgbd_images,unstacking_objects,1204175902
424,443,placing,Subject3_rgbd_images,unstacking_objects,1204175902
444,477,null,Subject3_rgbd_images,unstacking_objects,1204175902
1,25,null,Subject4_rgbd_images,arranging_objects,510173051
26,56,reaching,Subject4_rgbd_images,arranging_objects,510173051
57,176,moving,Subject4_rgbd_images,arranging_objects,510173051
177,229,placing,Subject4_rgbd_images,arranging_objects,510173051
1,12,null,Subject4_rgbd_images,arranging_objects,510173203
13,34,reaching,Subject4_rgbd_images,arranging_objects,510173203
35,181,moving,Subject4_rgbd_images,arranging_objects,510173203
182,220,placing,Subject4_rgbd_images,arranging_objects,510173203
1,32,null,Subject4_rgbd_images,arranging_objects,510173217
33,80,reaching,Subject4_rgbd_images,arranging_objects,510173217
81,211,moving,Subject4_rgbd_images,arranging_objects,510173217
212,254,placing,Subject4_rgbd_images,arranging_objects,510173217
1,22,null,Subject4_rgbd_images,cleaning_objects,510172333
23,56,reaching,Subject4_rgbd_images,cleaning_objects,510172333
57,125,opening,Subject4_rgbd_images,cleaning_objects,510172333
126,137,reaching,Subject4_rgbd_images,cleaning_objects,510172333
138,149,moving,Subject4_rgbd_images,cleaning_objects,510172333
150,188,opening,Subject4_rgbd_images,cleaning_objects,510172333
189,232,moving,Subject4_rgbd_images,cleaning_objects,510172333
233,436,cleaning,Subject4_rgbd_images,cleaning_objects,510172333
437,450,moving,Subject4_rgbd_images,cleaning_objects,510172333
451,471,reaching,Subject4_rgbd_images,cleaning_objects,510172333
472,515,closing,Subject4_rgbd_images,cleaning_objects,510172333
516,530,moving,Subject4_rgbd_images,cleaning_objects,510172333
536,543,placing,Subject4_rgbd_images,cleaning_objects,510172333
1,110,null,Subject4_rgbd_images,cleaning_objects,510172425
111,133,reaching,Subject4_rgbd_images,cleaning_objects,510172425
134,185,opening,Subject4_rgbd_images,cleaning_objects,510172425
186,208,reaching,Subject4_rgbd_images,cleaning_objects,510172425
209,242,moving,Subject4_rgbd_images,cleaning_objects,510172425
243,409,cleaning,Subject4_rgbd_images,cleaning_objects,510172425
410,433,moving,Subject4_rgbd_images,cleaning_objects,510172425
434,442,placing,Subject4_rgbd_images,cleaning_objects,510172425
443,456,reaching,Subject4_rgbd_images,cleaning_objects,510172425
457,503,closing,Subject4_rgbd_images,cleaning_objects,510172425
1,14,null,Subject4_rgbd_images,cleaning_objects,510172557
15,44,reaching,Subject4_rgbd_images,cleaning_objects,510172557
45,125,opening,Subject4_rgbd_images,cleaning_objects,510172557
126,154,reaching,Subject4_rgbd_images,cleaning_objects,510172557
155,191,moving,Subject4_rgbd_images,cleaning_objects,510172557
192,366,cleaning,Subject4_rgbd_images,cleaning_objects,510172557
367,391,moving,Subject4_rgbd_images,cleaning_objects,510172557
392,406,placing,Subject4_rgbd_images,cleaning_objects,510172557
407,423,reaching,Subject4_rgbd_images,cleaning_objects,510172557
424,484,closing,Subject4_rgbd_images,cleaning_objects,510172557
1,40,null,Subject4_rgbd_images,having_meal,510173506
41,64,moving,Subject4_rgbd_images,having_meal,510173506
65,100,eating,Subject4_rgbd_images,having_meal,510173506
101,128,moving,Subject4_rgbd_images,having_meal,510173506
129,225,moving,Subject4_rgbd_images,having_meal,510173506
226,271,drinking,Subject4_rgbd_images,having_meal,510173506
272,288,moving,Subject4_rgbd_images,having_meal,510173506
289,308,moving,Subject4_rgbd_images,having_meal,510173506
309,334,eating,Subject4_rgbd_images,having_meal,510173506
335,350,moving,Subject4_rgbd_images,having_meal,510173506
351,521,null,Subject4_rgbd_images,having_meal,510173506
522,544,moving,Subject4_rgbd_images,having_meal,510173506
545,564,drinking,Subject4_rgbd_images,having_meal,510173506
565,582,moving,Subject4_rgbd_images,having_meal,510173506
583,615,placing,Subject4_rgbd_images,having_meal,510173506
1,15,null,Subject4_rgbd_images,having_meal,510173634
16,44,reaching,Subject4_rgbd_images,having_meal,510173634
45,78,moving,Subject4_rgbd_images,having_meal,510173634
79,106,drinking,Subject4_rgbd_images,having_meal,510173634
107,117,moving,Subject4_rgbd_images,having_meal,510173634
118,154,reaching,Subject4_rgbd_images,having_meal,510173634
155,190,moving,Subject4_rgbd_images,having_meal,510173634
191,232,eating,Subject4_rgbd_images,having_meal,510173634
233,293,moving,Subject4_rgbd_images,having_meal,510173634
1,80,null,Subject4_rgbd_images,having_meal,510173714
81,105,reaching,Subject4_rgbd_images,having_meal,510173714
106,128,moving,Subject4_rgbd_images,having_meal,510173714
129,179,drinking,Subject4_rgbd_images,having_meal,510173714
180,204,moving,Subject4_rgbd_images,having_meal,510173714
205,224,placing,Subject4_rgbd_images,having_meal,510173714
225,244,reaching,Subject4_rgbd_images,having_meal,510173714
245,270,moving,Subject4_rgbd_images,having_meal,510173714
271,312,eating,Subject4_rgbd_images,having_meal,510173714
313,401,moving,Subject4_rgbd_images,having_meal,510173714
402,449,null,Subject4_rgbd_images,having_meal,510173714
450,473,moving,Subject4_rgbd_images,having_meal,510173714
474,515,drinking,Subject4_rgbd_images,having_meal,510173714
516,536,moving,Subject4_rgbd_images,having_meal,510173714
537,559,moving,Subject4_rgbd_images,having_meal,510173714
560,599,eating,Subject4_rgbd_images,having_meal,510173714
600,605,moving,Subject4_rgbd_images,having_meal,510173714
30,50,moving,Subject4_rgbd_images,making_cereal,1130144242
51,95,placing,Subject4_rgbd_images,making_cereal,1130144242
96,121,reaching,Subject4_rgbd_images,making_cereal,1130144242
122,210,moving,Subject4_rgbd_images,making_cereal,1130144242
211,297,pouring,Subject4_rgbd_images,making_cereal,1130144242
298,366,moving,Subject4_rgbd_images,making_cereal,1130144242
367,394,placing,Subject4_rgbd_images,making_cereal,1130144242
395,429,reaching,Subject4_rgbd_images,making_cereal,1130144242
430,542,moving,Subject4_rgbd_images,making_cereal,1130144242
543,627,pouring,Subject4_rgbd_images,making_cereal,1130144242
628,782,moving,Subject4_rgbd_images,making_cereal,1130144242
783,812,placing,Subject4_rgbd_images,making_cereal,1130144242
20,41,moving,Subject4_rgbd_images,making_cereal,1130144557
42,65,placing,Subject4_rgbd_images,making_cereal,1130144557
66,89,reaching,Subject4_rgbd_images,making_cereal,1130144557
90,147,moving,Subject4_rgbd_images,making_cereal,1130144557
148,205,pouring,Subject4_rgbd_images,making_cereal,1130144557
206,230,moving,Subject4_rgbd_images,making_cereal,1130144557
231,254,placing,Subject4_rgbd_images,making_cereal,1130144557
255,274,reaching,Subject4_rgbd_images,making_cereal,1130144557
275,363,moving,Subject4_rgbd_images,making_cereal,1130144557
364,452,pouring,Subject4_rgbd_images,making_cereal,1130144557
453,518,moving,Subject4_rgbd_images,making_cereal,1130144557
519,550,placing,Subject4_rgbd_images,making_cereal,1130144557
20,50,moving,Subject4_rgbd_images,making_cereal,1130144713
51,78,placing,Subject4_rgbd_images,making_cereal,1130144713
79,113,reaching,Subject4_rgbd_images,making_cereal,1130144713
114,186,moving,Subject4_rgbd_images,making_cereal,1130144713
187,247,pouring,Subject4_rgbd_images,making_cereal,1130144713
248,265,moving,Subject4_rgbd_images,making_cereal,1130144713
266,304,placing,Subject4_rgbd_images,making_cereal,1130144713
305,340,reaching,Subject4_rgbd_images,making_cereal,1130144713
341,373,moving,Subject4_rgbd_images,making_cereal,1130144713
374,442,pouring,Subject4_rgbd_images,making_cereal,1130144713
443,464,moving,Subject4_rgbd_images,making_cereal,1130144713
465,495,placing,Subject4_rgbd_images,making_cereal,1130144713
30,55,moving,Subject4_rgbd_images,making_cereal,1130144814
56,90,placing,Subject4_rgbd_images,making_cereal,1130144814
91,111,reaching,Subject4_rgbd_images,making_cereal,1130144814
112,192,moving,Subject4_rgbd_images,making_cereal,1130144814
193,259,pouring,Subject4_rgbd_images,making_cereal,1130144814
260,276,moving,Subject4_rgbd_images,making_cereal,1130144814
277,293,placing,Subject4_rgbd_images,making_cereal,1130144814
294,312,reaching,Subject4_rgbd_images,making_cereal,1130144814
313,403,moving,Subject4_rgbd_images,making_cereal,1130144814
404,487,pouring,Subject4_rgbd_images,making_cereal,1130144814
488,583,moving,Subject4_rgbd_images,making_cereal,1130144814
584,610,placing,Subject4_rgbd_images,making_cereal,1130144814
1,45,null,Subject4_rgbd_images,microwaving_food,204140840
46,109,reaching,Subject4_rgbd_images,microwaving_food,204140840
110,171,opening,Subject4_rgbd_images,microwaving_food,204140840
172,193,reaching,Subject4_rgbd_images,microwaving_food,204140840
194,271,moving,Subject4_rgbd_images,microwaving_food,204140840
272,322,placing,Subject4_rgbd_images,microwaving_food,204140840
323,342,reaching,Subject4_rgbd_images,microwaving_food,204140840
343,402,closing,Subject4_rgbd_images,microwaving_food,204140840
403,442,null,Subject4_rgbd_images,microwaving_food,204140840
1,70,null,Subject4_rgbd_images,microwaving_food,204141007
71,121,reaching,Subject4_rgbd_images,microwaving_food,204141007
122,187,opening,Subject4_rgbd_images,microwaving_food,204141007
188,218,reaching,Subject4_rgbd_images,microwaving_food,204141007
219,282,moving,Subject4_rgbd_images,microwaving_food,204141007
283,317,placing,Subject4_rgbd_images,microwaving_food,204141007
318,332,reaching,Subject4_rgbd_images,microwaving_food,204141007
333,377,closing,Subject4_rgbd_images,microwaving_food,204141007
378,567,null,Subject4_rgbd_images,microwaving_food,204141007
1,30,null,Subject4_rgbd_images,microwaving_food,204141211
31,80,reaching,Subject4_rgbd_images,microwaving_food,204141211
81,146,opening,Subject4_rgbd_images,microwaving_food,204141211
147,172,reaching,Subject4_rgbd_images,microwaving_food,204141211
173,232,moving,Subject4_rgbd_images,microwaving_food,204141211
233,279,placing,Subject4_rgbd_images,microwaving_food,204141211
280,297,reaching,Subject4_rgbd_images,microwaving_food,204141211
298,344,closing,Subject4_rgbd_images,microwaving_food,204141211
345,392,null,Subject4_rgbd_images,microwaving_food,204141211
1,23,null,Subject4_rgbd_images,picking_objects,510172725
24,69,reaching,Subject4_rgbd_images,picking_objects,510172725
70,144,moving,Subject4_rgbd_images,picking_objects,510172725
145,188,null,Subject4_rgbd_images,picking_objects,510172725
1,30,null,Subject4_rgbd_images,picking_objects,510172745
31,83,reaching,Subject4_rgbd_images,picking_objects,510172745
84,163,moving,Subject4_rgbd_images,picking_objects,510172745
164,206,null,Subject4_rgbd_images,picking_objects,510172745
1,22,null,Subject4_rgbd_images,picking_objects,510172851
23,71,reaching,Subject4_rgbd_images,picking_objects,510172851
72,142,moving,Subject4_rgbd_images,picking_objects,510172851
143,165,null,Subject4_rgbd_images,picking_objects,510172851
1,25,null,Subject4_rgbd_images,stacking_objects,1130150747
26,50,reaching,Subject4_rgbd_images,stacking_objects,1130150747
51,108,moving,Subject4_rgbd_images,stacking_objects,1130150747
109,157,placing,Subject4_rgbd_images,stacking_objects,1130150747
158,183,reaching,Subject4_rgbd_images,stacking_objects,1130150747
184,220,moving,Subject4_rgbd_images,stacking_objects,1130150747
221,267,placing,Subject4_rgbd_images,stacking_objects,1130150747
268,291,null,Subject4_rgbd_images,stacking_objects,1130150747
1,32,null,Subject4_rgbd_images,stacking_objects,1130151025
33,80,reaching,Subject4_rgbd_images,stacking_objects,1130151025
81,124,moving,Subject4_rgbd_images,stacking_objects,1130151025
125,164,placing,Subject4_rgbd_images,stacking_objects,1130151025
165,206,reaching,Subject4_rgbd_images,stacking_objects,1130151025
207,260,moving,Subject4_rgbd_images,stacking_objects,1130151025
261,294,placing,Subject4_rgbd_images,stacking_objects,1130151025
295,310,null,Subject4_rgbd_images,stacking_objects,1130151025
311,344,reaching,Subject4_rgbd_images,stacking_objects,1130151025
345,402,moving,Subject4_rgbd_images,stacking_objects,1130151025
403,430,placing,Subject4_rgbd_images,stacking_objects,1130151025
431,447,null,Subject4_rgbd_images,stacking_objects,1130151025
1,40,null,Subject4_rgbd_images,stacking_objects,1130151121
41,69,reaching,Subject4_rgbd_images,stacking_objects,1130151121
70,135,moving,Subject4_rgbd_images,stacking_objects,1130151121
136,200,placing,Subject4_rgbd_images,stacking_objects,1130151121
201,229,null,Subject4_rgbd_images,stacking_objects,1130151121
1,32,null,Subject4_rgbd_images,taking_food,510171810
33,65,reaching,Subject4_rgbd_images,taking_food,510171810
66,124,opening,Subject4_rgbd_images,taking_food,510171810
125,168,reaching,Subject4_rgbd_images,taking_food,510171810
169,220,moving,Subject4_rgbd_images,taking_food,510171810
221,239,placing,Subject4_rgbd_images,taking_food,510171810
240,254,reaching,Subject4_rgbd_images,taking_food,510171810
255,289,closing,Subject4_rgbd_images,taking_food,510171810
1,18,null,Subject4_rgbd_images,taking_food,510172015
19,42,reaching,Subject4_rgbd_images,taking_food,510172015
43,124,opening,Subject4_rgbd_images,taking_food,510172015
125,169,reaching,Subject4_rgbd_images,taking_food,510172015
170,235,moving,Subject4_rgbd_images,taking_food,510172015
236,253,placing,Subject4_rgbd_images,taking_food,510172015
254,274,reaching,Subject4_rgbd_images,taking_food,510172015
275,335,closing,Subject4_rgbd_images,taking_food,510172015
1,28,null,Subject4_rgbd_images,taking_food,510172049
29,61,reaching,Subject4_rgbd_images,taking_food,510172049
62,141,opening,Subject4_rgbd_images,taking_food,510172049
142,198,reaching,Subject4_rgbd_images,taking_food,510172049
199,243,moving,Subject4_rgbd_images,taking_food,510172049
244,272,placing,Subject4_rgbd_images,taking_food,510172049
273,284,reaching,Subject4_rgbd_images,taking_food,510172049
285,348,closing,Subject4_rgbd_images,taking_food,510172049
25,55,reaching,Subject4_rgbd_images,taking_medicine,1130145737
56,213,opening,Subject4_rgbd_images,taking_medicine,1130145737
214,237,reaching,Subject4_rgbd_images,taking_medicine,1130145737
238,305,moving,Subject4_rgbd_images,taking_medicine,1130145737
306,315,eating,Subject4_rgbd_images,taking_medicine,1130145737
316,344,reaching,Subject4_rgbd_images,taking_medicine,1130145737
345,384,moving,Subject4_rgbd_images,taking_medicine,1130145737
385,424,drinking,Subject4_rgbd_images,taking_medicine,1130145737
425,440,moving,Subject4_rgbd_images,taking_medicine,1130145737
441,475,placing,Subject4_rgbd_images,taking_medicine,1130145737
15,56,reaching,Subject4_rgbd_images,taking_medicine,1130145835
57,254,opening,Subject4_rgbd_images,taking_medicine,1130145835
255,275,reaching,Subject4_rgbd_images,taking_medicine,1130145835
276,350,moving,Subject4_rgbd_images,taking_medicine,1130145835
351,378,eating,Subject4_rgbd_images,taking_medicine,1130145835
379,405,reaching,Subject4_rgbd_images,taking_medicine,1130145835
406,443,moving,Subject4_rgbd_images,taking_medicine,1130145835
444,502,drinking,Subject4_rgbd_images,taking_medicine,1130145835
503,522,moving,Subject4_rgbd_images,taking_medicine,1130145835
523,585,placing,Subject4_rgbd_images,taking_medicine,1130145835
25,50,reaching,Subject4_rgbd_images,taking_medicine,1130150135
51,205,opening,Subject4_rgbd_images,taking_medicine,1130150135
206,230,reaching,Subject4_rgbd_images,taking_medicine,1130150135
231,264,moving,Subject4_rgbd_images,taking_medicine,1130150135
265,280,eating,Subject4_rgbd_images,taking_medicine,1130150135
281,304,reaching,Subject4_rgbd_images,taking_medicine,1130150135
305,327,moving,Subject4_rgbd_images,taking_medicine,1130150135
328,377,drinking,Subject4_rgbd_images,taking_medicine,1130150135
378,403,moving,Subject4_rgbd_images,taking_medicine,1130150135
404,455,placing,Subject4_rgbd_images,taking_medicine,1130150135
1,20,null,Subject4_rgbd_images,unstacking_objects,1130151154
21,58,reaching,Subject4_rgbd_images,unstacking_objects,1130151154
59,122,moving,Subject4_rgbd_images,unstacking_objects,1130151154
123,151,placing,Subject4_rgbd_images,unstacking_objects,1130151154
151,169,null,Subject4_rgbd_images,unstacking_objects,1130151154
1,30,null,Subject4_rgbd_images,unstacking_objects,1130151500
31,65,reaching,Subject4_rgbd_images,unstacking_objects,1130151500
66,99,moving,Subject4_rgbd_images,unstacking_objects,1130151500
100,123,placing,Subject4_rgbd_images,unstacking_objects,1130151500
124,141,reaching,Subject4_rgbd_images,unstacking_objects,1130151500
142,193,moving,Subject4_rgbd_images,unstacking_objects,1130151500
194,225,placing,Subject4_rgbd_images,unstacking_objects,1130151500
226,260,reaching,Subject4_rgbd_images,unstacking_objects,1130151500
261,315,moving,Subject4_rgbd_images,unstacking_objects,1130151500
316,337,placing,Subject4_rgbd_images,unstacking_objects,1130151500
338,374,null,Subject4_rgbd_images,unstacking_objects,1130151500
1,20,null,Subject4_rgbd_images,unstacking_objects,1130151710
21,62,reaching,Subject4_rgbd_images,unstacking_objects,1130151710
63,112,moving,Subject4_rgbd_images,unstacking_objects,1130151710
113,142,placing,Subject4_rgbd_images,unstacking_objects,1130151710
143,154,reaching,Subject4_rgbd_images,unstacking_objects,1130151710
155,217,moving,Subject4_rgbd_images,unstacking_objects,1130151710
218,246,placing,Subject4_rgbd_images,unstacking_objects,1130151710
247,280,null,Subject4_rgbd_images,unstacking_objects,1130151710
1,30,null,Subject5_rgbd_images,arranging_objects,504235245
31,110,reaching,Subject5_rgbd_images,arranging_objects,504235245
111,275,moving,Subject5_rgbd_images,arranging_objects,504235245
276,315,placing,Subject5_rgbd_images,arranging_objects,504235245
1,27,null,Subject5_rgbd_images,arranging_objects,504235647
28,179,moving,Subject5_rgbd_images,arranging_objects,504235647
180,240,placing,Subject5_rgbd_images,arranging_objects,504235647
1,42,null,Subject5_rgbd_images,arranging_objects,504235908
43,103,reaching,Subject5_rgbd_images,arranging_objects,504235908
104,224,moving,Subject5_rgbd_images,arranging_objects,504235908
225,268,placing,Subject5_rgbd_images,arranging_objects,504235908
1,25,null,Subject5_rgbd_images,cleaning_objects,511140410
26,77,reaching,Subject5_rgbd_images,cleaning_objects,511140410
78,153,opening,Subject5_rgbd_images,cleaning_objects,511140410
154,179,reaching,Subject5_rgbd_images,cleaning_objects,511140410
180,307,moving,Subject5_rgbd_images,cleaning_objects,511140410
308,523,cleaning,Subject5_rgbd_images,cleaning_objects,511140410
524,530,moving,Subject5_rgbd_images,cleaning_objects,511140410
531,540,placing,Subject5_rgbd_images,cleaning_objects,511140410
541,689,closing,Subject5_rgbd_images,cleaning_objects,511140410
1,81,null,Subject5_rgbd_images,cleaning_objects,511140450
82,133,reaching,Subject5_rgbd_images,cleaning_objects,511140450
134,188,opening,Subject5_rgbd_images,cleaning_objects,511140450
189,211,reaching,Subject5_rgbd_images,cleaning_objects,511140450
212,298,moving,Subject5_rgbd_images,cleaning_objects,511140450
299,482,cleaning,Subject5_rgbd_images,cleaning_objects,511140450
483,556,moving,Subject5_rgbd_images,cleaning_objects,511140450
557,565,placing,Subject5_rgbd_images,cleaning_objects,511140450
566,583,reaching,Subject5_rgbd_images,cleaning_objects,511140450
584,680,closing,Subject5_rgbd_images,cleaning_objects,511140450
1,16,null,Subject5_rgbd_images,cleaning_objects,511140553
17,52,reaching,Subject5_rgbd_images,cleaning_objects,511140553
53,113,opening,Subject5_rgbd_images,cleaning_objects,511140553
114,136,reaching,Subject5_rgbd_images,cleaning_objects,511140553
137,216,moving,Subject5_rgbd_images,cleaning_objects,511140553
217,487,cleaning,Subject5_rgbd_images,cleaning_objects,511140553
488,541,moving,Subject5_rgbd_images,cleaning_objects,511140553
542,560,placing,Subject5_rgbd_images,cleaning_objects,511140553
561,624,closing,Subject5_rgbd_images,cleaning_objects,511140553
1,26,null,Subject5_rgbd_images,having_meal,511141007
27,97,moving,Subject5_rgbd_images,having_meal,511141007
98,121,eating,Subject5_rgbd_images,having_meal,511141007
122,231,reaching,Subject5_rgbd_images,having_meal,511141007
232,322,moving,Subject5_rgbd_images,having_meal,511141007
323,382,drinking,Subject5_rgbd_images,having_meal,511141007
383,478,moving,Subject5_rgbd_images,having_meal,511141007
479,499,placing,Subject5_rgbd_images,having_meal,511141007
500,559,moving,Subject5_rgbd_images,having_meal,511141007
560,570,eating,Subject5_rgbd_images,having_meal,511141007
571,646,moving,Subject5_rgbd_images,having_meal,511141007
647,714,moving,Subject5_rgbd_images,having_meal,511141007
715,766,drinking,Subject5_rgbd_images,having_meal,511141007
767,856,moving,Subject5_rgbd_images,having_meal,511141007
857,888,placing,Subject5_rgbd_images,having_meal,511141007
889,935,null,Subject5_rgbd_images,having_meal,511141007
1,28,null,Subject5_rgbd_images,having_meal,511141231
29,104,moving,Subject5_rgbd_images,having_meal,511141231
105,185,eating,Subject5_rgbd_images,having_meal,511141231
186,288,moving,Subject5_rgbd_images,having_meal,511141231
289,317,null,Subject5_rgbd_images,having_meal,511141231
318,377,moving,Subject5_rgbd_images,having_meal,511141231
378,416,eating,Subject5_rgbd_images,having_meal,511141231
417,452,moving,Subject5_rgbd_images,having_meal,511141231
453,516,reaching,Subject5_rgbd_images,having_meal,511141231
517,642,moving,Subject5_rgbd_images,having_meal,511141231
643,703,drinking,Subject5_rgbd_images,having_meal,511141231
704,787,moving,Subject5_rgbd_images,having_meal,511141231
788,820,placing,Subject5_rgbd_images,having_meal,511141231
821,874,moving,Subject5_rgbd_images,having_meal,511141231
875,909,eating,Subject5_rgbd_images,having_meal,511141231
910,997,moving,Subject5_rgbd_images,having_meal,511141231
998,1029,null,Subject5_rgbd_images,having_meal,511141231
1030,1108,moving,Subject5_rgbd_images,having_meal,511141231
1109,1161,drinking,Subject5_rgbd_images,having_meal,511141231
1162,1228,moving,Subject5_rgbd_images,having_meal,511141231
1229,1268,placing,Subject5_rgbd_images,having_meal,511141231
1269,1298,null,Subject5_rgbd_images,having_meal,511141231
1,19,null,Subject5_rgbd_images,having_meal,511141338
20,102,reaching,Subject5_rgbd_images,having_meal,511141338
103,203,moving,Subject5_rgbd_images,having_meal,511141338
204,251,drinking,Subject5_rgbd_images,having_meal,511141338
252,333,moving,Subject5_rgbd_images,having_meal,511141338
334,380,placing,Subject5_rgbd_images,having_meal,511141338
381,441,moving,Subject5_rgbd_images,having_meal,511141338
442,471,eating,Subject5_rgbd_images,having_meal,511141338
472,560,moving,Subject5_rgbd_images,having_meal,511141338
561,586,null,Subject5_rgbd_images,having_meal,511141338
587,650,moving,Subject5_rgbd_images,having_meal,511141338
651,669,eating,Subject5_rgbd_images,having_meal,511141338
670,744,moving,Subject5_rgbd_images,having_meal,511141338
745,811,reaching,Subject5_rgbd_images,having_meal,511141338
812,893,moving,Subject5_rgbd_images,having_meal,511141338
894,926,drinking,Subject5_rgbd_images,having_meal,511141338
927,986,moving,Subject5_rgbd_images,having_meal,511141338
987,1028,placing,Subject5_rgbd_images,having_meal,511141338
50,105,moving,Subject5_rgbd_images,making_cereal,126141638
106,154,placing,Subject5_rgbd_images,making_cereal,126141638
155,197,reaching,Subject5_rgbd_images,making_cereal,126141638
198,256,moving,Subject5_rgbd_images,making_cereal,126141638
257,400,pouring,Subject5_rgbd_images,making_cereal,126141638
401,455,moving,Subject5_rgbd_images,making_cereal,126141638
456,499,placing,Subject5_rgbd_images,making_cereal,126141638
500,528,reaching,Subject5_rgbd_images,making_cereal,126141638
529,574,moving,Subject5_rgbd_images,making_cereal,126141638
575,696,pouring,Subject5_rgbd_images,making_cereal,126141638
697,728,moving,Subject5_rgbd_images,making_cereal,126141638
729,780,placing,Subject5_rgbd_images,making_cereal,126141638
40,93,moving,Subject5_rgbd_images,making_cereal,126141850
94,152,placing,Subject5_rgbd_images,making_cereal,126141850
153,205,reaching,Subject5_rgbd_images,making_cereal,126141850
206,320,moving,Subject5_rgbd_images,making_cereal,126141850
321,445,pouring,Subject5_rgbd_images,making_cereal,126141850
446,475,moving,Subject5_rgbd_images,making_cereal,126141850
476,508,placing,Subject5_rgbd_images,making_cereal,126141850
509,535,reaching,Subject5_rgbd_images,making_cereal,126141850
536,575,moving,Subject5_rgbd_images,making_cereal,126141850
576,678,pouring,Subject5_rgbd_images,making_cereal,126141850
679,692,moving,Subject5_rgbd_images,making_cereal,126141850
693,738,placing,Subject5_rgbd_images,making_cereal,126141850
50,104,moving,Subject5_rgbd_images,making_cereal,126142037
105,158,placing,Subject5_rgbd_images,making_cereal,126142037
159,195,reaching,Subject5_rgbd_images,making_cereal,126142037
196,294,opening,Subject5_rgbd_images,making_cereal,126142037
295,370,moving,Subject5_rgbd_images,making_cereal,126142037
371,564,pouring,Subject5_rgbd_images,making_cereal,126142037
565,617,moving,Subject5_rgbd_images,making_cereal,126142037
618,659,placing,Subject5_rgbd_images,making_cereal,126142037
660,706,reaching,Subject5_rgbd_images,making_cereal,126142037
707,748,moving,Subject5_rgbd_images,making_cereal,126142037
749,858,pouring,Subject5_rgbd_images,making_cereal,126142037
859,883,moving,Subject5_rgbd_images,making_cereal,126142037
884,921,placing,Subject5_rgbd_images,making_cereal,126142037
50,90,moving,Subject5_rgbd_images,making_cereal,126142253
91,140,placing,Subject5_rgbd_images,making_cereal,126142253
141,174,reaching,Subject5_rgbd_images,making_cereal,126142253
175,258,opening,Subject5_rgbd_images,making_cereal,126142253
259,294,reaching,Subject5_rgbd_images,making_cereal,126142253
295,350,moving,Subject5_rgbd_images,making_cereal,126142253
351,520,pouring,Subject5_rgbd_images,making_cereal,126142253
521,552,moving,Subject5_rgbd_images,making_cereal,126142253
553,574,placing,Subject5_rgbd_images,making_cereal,126142253
575,606,reaching,Subject5_rgbd_images,making_cereal,126142253
607,660,moving,Subject5_rgbd_images,making_cereal,126142253
661,740,pouring,Subject5_rgbd_images,making_cereal,126142253
741,756,moving,Subject5_rgbd_images,making_cereal,126142253
757,792,placing,Subject5_rgbd_images,making_cereal,126142253
1,35,null,Subject5_rgbd_images,microwaving_food,129114054
36,84,reaching,Subject5_rgbd_images,microwaving_food,129114054
85,198,opening,Subject5_rgbd_images,microwaving_food,129114054
199,222,reaching,Subject5_rgbd_images,microwaving_food,129114054
223,305,moving,Subject5_rgbd_images,microwaving_food,129114054
306,345,placing,Subject5_rgbd_images,microwaving_food,129114054
346,359,null,Subject5_rgbd_images,microwaving_food,129114054
360,381,reaching,Subject5_rgbd_images,microwaving_food,129114054
382,473,closing,Subject5_rgbd_images,microwaving_food,129114054
474,495,null,Subject5_rgbd_images,microwaving_food,129114054
1,30,null,Subject5_rgbd_images,microwaving_food,129114153
31,71,reaching,Subject5_rgbd_images,microwaving_food,129114153
72,178,opening,Subject5_rgbd_images,microwaving_food,129114153
179,210,reaching,Subject5_rgbd_images,microwaving_food,129114153
211,260,moving,Subject5_rgbd_images,microwaving_food,129114153
261,300,placing,Subject5_rgbd_images,microwaving_food,129114153
301,328,reaching,Subject5_rgbd_images,microwaving_food,129114153
329,428,closing,Subject5_rgbd_images,microwaving_food,129114153
1,25,null,Subject5_rgbd_images,microwaving_food,129114356
26,61,reaching,Subject5_rgbd_images,microwaving_food,129114356
62,189,opening,Subject5_rgbd_images,microwaving_food,129114356
190,216,reaching,Subject5_rgbd_images,microwaving_food,129114356
217,270,moving,Subject5_rgbd_images,microwaving_food,129114356
271,310,placing,Subject5_rgbd_images,microwaving_food,129114356
311,334,reaching,Subject5_rgbd_images,microwaving_food,129114356
335,430,closing,Subject5_rgbd_images,microwaving_food,129114356
431,562,null,Subject5_rgbd_images,microwaving_food,129114356
1,22,null,Subject5_rgbd_images,picking_objects,504232829
23,127,reaching,Subject5_rgbd_images,picking_objects,504232829
128,269,moving,Subject5_rgbd_images,picking_objects,504232829
1,35,null,Subject5_rgbd_images,picking_objects,504233253
36,109,reaching,Subject5_rgbd_images,picking_objects,504233253
110,209,moving,Subject5_rgbd_images,picking_objects,504233253
1,26,null,Subject5_rgbd_images,picking_objects,504233320
27,102,reaching,Subject5_rgbd_images,picking_objects,504233320
103,196,moving,Subject5_rgbd_images,picking_objects,504233320
197,238,null,Subject5_rgbd_images,picking_objects,504233320
1,45,null,Subject5_rgbd_images,stacking_objects,129111131
46,104,reaching,Subject5_rgbd_images,stacking_objects,129111131
105,164,moving,Subject5_rgbd_images,stacking_objects,129111131
165,196,placing,Subject5_rgbd_images,stacking_objects,129111131
197,227,reaching,Subject5_rgbd_images,stacking_objects,129111131
228,273,moving,Subject5_rgbd_images,stacking_objects,129111131
274,306,placing,Subject5_rgbd_images,stacking_objects,129111131
307,340,reaching,Subject5_rgbd_images,stacking_objects,129111131
341,396,moving,Subject5_rgbd_images,stacking_objects,129111131
397,440,placing,Subject5_rgbd_images,stacking_objects,129111131
441,490,null,Subject5_rgbd_images,stacking_objects,129111131
1,30,null,Subject5_rgbd_images,stacking_objects,129112015
31,82,reaching,Subject5_rgbd_images,stacking_objects,129112015
83,134,moving,Subject5_rgbd_images,stacking_objects,129112015
135,178,placing,Subject5_rgbd_images,stacking_objects,129112015
179,202,reaching,Subject5_rgbd_images,stacking_objects,129112015
203,248,moving,Subject5_rgbd_images,stacking_objects,129112015
249,281,placing,Subject5_rgbd_images,stacking_objects,129112015
282,318,reaching,Subject5_rgbd_images,stacking_objects,129112015
319,355,moving,Subject5_rgbd_images,stacking_objects,129112015
356,385,placing,Subject5_rgbd_images,stacking_objects,129112015
386,438,null,Subject5_rgbd_images,stacking_objects,129112015
1,510,null,Subject5_rgbd_images,stacking_objects,129112226
511,550,reaching,Subject5_rgbd_images,stacking_objects,129112226
551,605,moving,Subject5_rgbd_images,stacking_objects,129112226
606,645,placing,Subject5_rgbd_images,stacking_objects,129112226
646,696,reaching,Subject5_rgbd_images,stacking_objects,129112226
697,747,moving,Subject5_rgbd_images,stacking_objects,129112226
748,784,placing,Subject5_rgbd_images,stacking_objects,129112226
785,861,null,Subject5_rgbd_images,stacking_objects,129112226
1,31,null,Subject5_rgbd_images,taking_food,505002750
32,76,reaching,Subject5_rgbd_images,taking_food,505002750
77,206,opening,Subject5_rgbd_images,taking_food,505002750
207,252,reaching,Subject5_rgbd_images,taking_food,505002750
253,368,moving,Subject5_rgbd_images,taking_food,505002750
369,400,placing,Subject5_rgbd_images,taking_food,505002750
401,450,reaching,Subject5_rgbd_images,taking_food,505002750
451,560,closing,Subject5_rgbd_images,taking_food,505002750
1,23,null,Subject5_rgbd_images,taking_food,505002942
24,68,reaching,Subject5_rgbd_images,taking_food,505002942
69,175,opening,Subject5_rgbd_images,taking_food,505002942
176,215,reaching,Subject5_rgbd_images,taking_food,505002942
216,319,moving,Subject5_rgbd_images,taking_food,505002942
320,348,placing,Subject5_rgbd_images,taking_food,505002942
349,388,reaching,Subject5_rgbd_images,taking_food,505002942
389,493,closing,Subject5_rgbd_images,taking_food,505002942
1,22,null,Subject5_rgbd_images,taking_food,505003237
23,83,reaching,Subject5_rgbd_images,taking_food,505003237
84,221,opening,Subject5_rgbd_images,taking_food,505003237
222,310,reaching,Subject5_rgbd_images,taking_food,505003237
311,459,moving,Subject5_rgbd_images,taking_food,505003237
460,504,placing,Subject5_rgbd_images,taking_food,505003237
505,533,reaching,Subject5_rgbd_images,taking_food,505003237
534,636,closing,Subject5_rgbd_images,taking_food,505003237
35,65,reaching,Subject5_rgbd_images,taking_medicine,126143115
66,142,opening,Subject5_rgbd_images,taking_medicine,126143115
143,165,reaching,Subject5_rgbd_images,taking_medicine,126143115
166,234,moving,Subject5_rgbd_images,taking_medicine,126143115
235,262,eating,Subject5_rgbd_images,taking_medicine,126143115
263,296,reaching,Subject5_rgbd_images,taking_medicine,126143115
297,323,moving,Subject5_rgbd_images,taking_medicine,126143115
324,402,drinking,Subject5_rgbd_images,taking_medicine,126143115
403,425,moving,Subject5_rgbd_images,taking_medicine,126143115
426,462,placing,Subject5_rgbd_images,taking_medicine,126143115
45,85,reaching,Subject5_rgbd_images,taking_medicine,126143251
86,218,opening,Subject5_rgbd_images,taking_medicine,126143251
219,246,reaching,Subject5_rgbd_images,taking_medicine,126143251
247,317,moving,Subject5_rgbd_images,taking_medicine,126143251
318,352,eating,Subject5_rgbd_images,taking_medicine,126143251
353,383,reaching,Subject5_rgbd_images,taking_medicine,126143251
384,440,moving,Subject5_rgbd_images,taking_medicine,126143251
441,565,drinking,Subject5_rgbd_images,taking_medicine,126143251
566,600,moving,Subject5_rgbd_images,taking_medicine,126143251
601,644,placing,Subject5_rgbd_images,taking_medicine,126143251
45,87,reaching,Subject5_rgbd_images,taking_medicine,126143431
88,167,opening,Subject5_rgbd_images,taking_medicine,126143431
168,183,reaching,Subject5_rgbd_images,taking_medicine,126143431
184,218,moving,Subject5_rgbd_images,taking_medicine,126143431
219,260,reaching,Subject5_rgbd_images,taking_medicine,126143431
261,290,moving,Subject5_rgbd_images,taking_medicine,126143431
291,300,moving,Subject5_rgbd_images,taking_medicine,126143431
301,322,eating,Subject5_rgbd_images,taking_medicine,126143431
323,344,moving,Subject5_rgbd_images,taking_medicine,126143431
345,445,drinking,Subject5_rgbd_images,taking_medicine,126143431
446,480,moving,Subject5_rgbd_images,taking_medicine,126143431
481,530,placing,Subject5_rgbd_images,taking_medicine,126143431
1,165,null,Subject5_rgbd_images,unstacking_objects,129112342
166,208,reaching,Subject5_rgbd_images,unstacking_objects,129112342
209,246,moving,Subject5_rgbd_images,unstacking_objects,129112342
247,269,placing,Subject5_rgbd_images,unstacking_objects,129112342
270,310,reaching,Subject5_rgbd_images,unstacking_objects,129112342
311,360,moving,Subject5_rgbd_images,unstacking_objects,129112342
361,382,placing,Subject5_rgbd_images,unstacking_objects,129112342
383,443,null,Subject5_rgbd_images,unstacking_objects,129112342
1,430,null,Subject5_rgbd_images,unstacking_objects,129112522
431,473,reaching,Subject5_rgbd_images,unstacking_objects,129112522
474,510,moving,Subject5_rgbd_images,unstacking_objects,129112522
511,537,placing,Subject5_rgbd_images,unstacking_objects,129112522
538,567,reaching,Subject5_rgbd_images,unstacking_objects,129112522
568,612,moving,Subject5_rgbd_images,unstacking_objects,129112522
613,644,placing,Subject5_rgbd_images,unstacking_objects,129112522
645,700,reaching,Subject5_rgbd_images,unstacking_objects,129112522
701,739,moving,Subject5_rgbd_images,unstacking_objects,129112522
740,764,placing,Subject5_rgbd_images,unstacking_objects,129112522
765,803,null,Subject5_rgbd_images,unstacking_objects,129112522
1,324,null,Subject5_rgbd_images,unstacking_objects,129112630
325,350,reaching,Subject5_rgbd_images,unstacking_objects,129112630
351,386,moving,Subject5_rgbd_images,unstacking_objects,129112630
387,415,placing,Subject5_rgbd_images,unstacking_objects,129112630
416,438,reaching,Subject5_rgbd_images,unstacking_objects,129112630
439,471,moving,Subject5_rgbd_images,unstacking_objects,129112630
472,482,placing,Subject5_rgbd_images,unstacking_objects,129112630
483,500,reaching,Subject5_rgbd_images,unstacking_objects,129112630
501,527,moving,Subject5_rgbd_images,unstacking_objects,129112630
528,554,placing,Subject5_rgbd_images,unstacking_objects,129112630
555,608,null,Subject5_rgbd_images,unstacking_objects,129112630
